{
  "weights": {
    "density": [
      6.901597143791545,
      -2.988487767065034,
      1.2738878662223894,
      4.097088768572222,
      -3.115291000543003,
      -8.434621091788074,
      5.8230182205145375,
      3.9033085160618226
    ],
    "conductivity": [
      0.6927901469236968,
      0.028441418871581612,
      -0.011174071717124822,
      0.07591851492190341,
      -0.07110410565071533,
      -0.06283885528197708,
      0.022651507384034972,
      0.014119613988600534
    ],
    "permittivity": [
      48.27146295276067,
      4.056983973514381,
      -1.3019406012219727,
      3.9408986669079193,
      -3.387596428051661,
      -0.6312691906008725,
      0.24576366141244846,
      -0.2563690777688055
    ],
    "bandgap": [
      1.9139254433463146,
      0.11569175060138659,
      0.23293915453970387,
      0.7753933706734765,
      -0.0904254864947267,
      -0.9897702532905361,
      1.6625636198952118,
      0.30149128518710355
    ],
    "hardness": [
      3.6961789208104414,
      0.5180868720599165,
      0.4072197386333588,
      1.3601200788091787,
      0.06485080822060851,
      -1.4490846587498698,
      3.231778946063111,
      0.6395551816611418
    ],
    "thermal_conductivity": [
      48.27146295276067,
      4.056983973514381,
      -1.3019406012219727,
      3.9408986669079193,
      -3.387596428051661,
      -0.6312691906008725,
      0.24576366141244846,
      -0.2563690777688055
    ],
    "magnetic_moment": [
      1.7431166069554687,
      0.036218511095651496,
      0.19283543859607122,
      0.669775630759516,
      -0.14056295815197184,
      -0.8935248638222468,
      1.326599618307067,
      0.25788833142479184
    ]
  },
  "post": {
    "density": {
      "kind": "clamp",
      "lo": 0.5,
      "hi": 25.0
    },
    "conductivity": {
      "kind": "softplus",
      "shift": 0.0
    },
    "permittivity": {
      "kind": "softplus",
      "shift": 0.0
    },
    "bandgap": {
      "kind": "clamp",
      "lo": 0.0,
      "hi": 8.0
    },
    "hardness": {
      "kind": "clamp",
      "lo": 0.5,
      "hi": 10.0
    },
    "thermal_conductivity": {
      "kind": "softplus",
      "shift": 0.0
    },
    "magnetic_moment": {
      "kind": "softplus",
      "shift": 0.0
    }
  }
}